Keywords,Search Volume (Average),Search Volume (Dec 2023),Search Volume (Jan 2024),Search Volume (Feb 2024),Search Volume (Mar 2024),Search Volume (Apr 2024),Search Volume (May 2024),Search Volume (Jun 2024),Search Volume (Jul 2024),Search Volume (Aug 2024),Search Volume (Sep 2024),Search Volume (Oct 2024),Search Volume (Nov 2024),Search Volume (Dec 2024),Search Volume (Jan 2025),Search Volume (Feb 2025),Search Volume (Mar 2025),Search Volume (Apr 2025),Search Volume (May 2025),Search Volume (Jun 2025),Search Volume (Jul 2025),Search Volume (Aug 2025),Search Volume (Sep 2025),Search Volume (Oct 2025),Search Volume (Nov 2025),Trend,Top of Page Bid (Low Range) (USD),Top of Page Bid (High Range) (USD),Competition
bmi räknare,40500,27100,40500,49500,60500,49500,49500,40500,33100,40500,40500,40500,33100,33100,49500,40500,40500,40500,40500,33100,33100,49500,40500,40500,40500,49,0.10,0.48,43
vad är bmi,590,720,880,880,880,720,720,590,590,590,720,720,590,590,720,720,880,720,720,480,480,480,590,590,720,0,0.13,0.74,13
hur räknas bmi ut,480,210,480,390,590,320,320,320,260,260,480,390,390,260,480,480,590,390,590,390,320,590,590,590,480,129,0.09,0.47,34
vilken bmi ska man ha,170,110,170,170,170,140,110,110,110,140,170,140,140,110,110,110,210,170,170,140,140,210,170,210,210,91,0.08,0.69,40
hur räkna bmi,140,90,170,140,210,110,110,110,90,90,170,140,140,90,170,140,140,140,140,90,110,140,140,170,140,56,0.09,0.43,27
hur beräkna bmi,90,50,90,70,140,70,70,50,50,50,110,90,70,50,90,110,110,90,90,50,70,90,110,140,110,120,0.08,0.51,33
är bmi ett bra mått,40,40,70,70,70,50,50,50,40,50,40,50,50,30,70,50,50,40,40,10,20,30,30,30,30,-25,0.00,0.00,4
vad är bmi värde,30,10,20,10,10,20,10,10,10,10,10,10,40,10,20,20,50,30,20,30,20,70,40,20,10,0,0.09,0.36,19
vilket bmi har jag,30,20,20,20,30,10,10,10,10,20,20,20,30,20,50,30,30,30,40,30,20,20,30,30,30,50,0.13,0.87,62
vilket bmi bör man ha,10,10,10,10,10,10,10,10,10,10,10,10,10,10,10,10,10,10,10,10,10,10,10,10,10,0,0.11,1.01,43
vilket bmi ska jag ha,10,10,10,10,10,10,20,10,0,10,10,10,10,10,10,10,10,10,10,10,10,10,10,10,10,0,0.00,0.00,71
vilket bmi är normalt,10,10,10,10,20,10,10,10,10,10,10,10,10,10,50,20,20,10,10,10,10,10,10,10,10,0,0.02,0.50,23
är bmi trovärdigt,10,10,10,10,10,10,10,10,0,10,10,10,10,10,10,10,10,10,10,10,10,10,10,10,10,0,0.00,0.00,4
vad är bmi räknare,,,,,,,,,,,,,,,,,,,,,,,,,,,,,
bmi när man tränar,,,,,,,,,,,,,,,,,,,,,,,,,,,,,
bmi räknare när kan jag nå mitt mål,,,,,,,,,,,,,,,,,,,,,,,,,,,,,
kan man räkna bmi på barn,,,,,,,,,,,,,,,,,,,,,,,,,,,,,
varför används bmi,,,,,,,,,,,,,,,,,,,,,,,,,,,,,
varför är bmi viktigt,,,,,,,,,,,,,,,,,,,,,,,,,,,,,
vilket bmi är bäst,,,,,,,,,,,,,,,,,,,,,,,,,,,,,
är bmi bra,,,,,,,,,,,,,,,,,,,,,,,,,,,,,
är bmi rätt,,,,,,,,,,,,,,,,,,,,,,,,,,,,,
