Pages les plus populaires,Clics,Impressions,CTR,Position
https://bmi-raknare.se/bmi-gravid/,22,385,5.71%,19.44
https://bmi-raknare.se/bmi-barn/,16,1673,0.96%,17.78
https://bmi-raknare.se/bmi-kvinna/,4,1455,0.27%,43.29
https://bmi-raknare.se/idealvikt/,4,241,1.66%,12.95
https://bmi-raknare.se/bmi-aldre/,3,290,1.03%,27.01
https://bmi-raknare.se/kalorier/,2,171,1.17%,50.17
https://bmi-raknare.se/bmi-ozempic-krav/,2,169,1.18%,9.65
https://bmi-raknare.se/,1,435,0.23%,48.94
https://bmi-raknare.se/bmi-man/,1,433,0.23%,52.01
https://bmi-raknare.se/bmi-tabell/,1,366,0.27%,26.79
https://bmi-raknare.se/bmi-formel/,0,167,0%,41.57