Requêtes les plus fréquentes,Clics,Impressions,CTR,Position
viktuppgång gravid kalkylator,7,87,8.05%,5.62
räkna ut iso-bmi barn,4,96,4.17%,11.18
räkna ut idealvikt,4,43,9.3%,10.3
bmi kvinna,1,149,0.67%,52.87
bmi kvinna ålder,1,130,0.77%,30.02
bmi kalkylator barn,1,59,1.69%,19.12
iso bmi calculator,1,50,2%,9.12
bmi gravid kalkylator,1,21,4.76%,5.62
wegovy bmi krav,1,4,25%,6
bmi kalkulator gravid,1,1,100%,2
iso-bmi barn kurva,1,1,100%,36
bmi räknare barn,0,269,0%,26.57
räkna ut bmi kvinna ålder,0,187,0%,60.32
bmi räknare kvinna,0,133,0%,51.85
bmi formel,0,130,0%,40.82
bmi barn,0,120,0%,32.09
räkna ut bmi kvinna,0,112,0%,72.85
bmi man,0,111,0%,85.65
bmi ålder,0,91,0%,48.09
bmi kvinnor,0,83,0%,49.31
bmi tabell,0,77,0%,33.4
bmi tabell kvinna,0,75,0%,26.01
bmi barn räknare,0,69,0%,19.83
bmi män,0,68,0%,44.66
bmi räknare 1177,0,67,0%,32.01
bmi calculator barn,0,65,0%,10.23
bmi tabell män,0,64,0%,27.61
idealvikt,0,62,0%,10.31
räkna ut bmi barn,0,61,0%,19.18
bmi kvinna 65 år,0,61,0%,28.34
bmi tabell ålder,0,59,0%,34.97
bmi barn tabell,0,56,0%,23.61
bmi räknare,0,56,0%,65.34
räkna bmi barn,0,55,0%,15.64
kaloriräknare,0,54,0%,43.09
bmi kalkulator barn,0,53,0%,14.96
bmi barn räkna ut,0,51,0%,18.55
bmi gravid,0,51,0%,25.16
iso bmi tabell,0,50,0%,25.38
bmi idealvikt,0,48,0%,23.6
bmi äldre kvinna,0,45,0%,27.91
räkna ut kaloribehov,0,44,0%,85.2
iso bmi,0,40,0%,29.4
bmi äldre man,0,40,0%,36.23
iso bmi barn,0,38,0%,19.55
barn bmi uträkning,0,37,0%,14.43
barn bmi test,0,37,0%,24.73
bmi barn 1177,0,34,0%,23.5
bmi ungdom,0,34,0%,24.18
bmi för barn,0,34,0%,25.29
bmi barn kurva,0,31,0%,37.94
bmi för kvinnor,0,29,0%,23.66
bmi räknare kalorier,0,29,0%,23.93
bmi räknare kvinna ålder,0,29,0%,32.79
barn bmi,0,29,0%,33.83
bmi hos äldre,0,29,0%,42.38
bmi uträkning barn,0,27,0%,15.48
bmi kalkylator kvinnor,0,27,0%,27.56
bmi äldre,0,27,0%,40.93
bmi för ozempic,0,26,0%,8.62
normalt bmi kvinna,0,26,0%,29.69
bmi skala kvinnor,0,26,0%,36.65
beräkna bmi äldre,0,26,0%,41.35
bmi för äldre,0,25,0%,18.6
bmi räknare ålder,0,25,0%,35.44
bmi 18 år,0,24,0%,26.92
bmi normalt kvinna,0,23,0%,33.13
bmi kvinnor normalt,0,23,0%,34.87
räkna ut bmi ungdom,0,21,0%,28.52
bmi män ålder,0,20,0%,38.25
räkna ut bmi man ålder,0,19,0%,39.79
bmi räknaren,0,19,0%,72.42
bmi man kvinna,0,18,0%,33.06
vilket bmi för att få ozempic,0,17,0%,8.12
iso-bmi calculator,0,17,0%,8.41
bmi kvinner,0,17,0%,25.53
bmiraknare,0,16,0%,8.5
barn bmi räknare,0,16,0%,19
midjemått män bmi,0,16,0%,31.56
bmi graviditet,0,16,0%,46.12
bmi test barn,0,14,0%,13
midjemått män tabell,0,14,0%,25.71
bmi uträkning kvinna,0,14,0%,38.07
bmi midjemått män,0,14,0%,39.5
normal bmi män,0,12,0%,32.17
bmi 11 år,0,12,0%,39.33
nya bmi kvinna,0,11,0%,84.91
ozempic bmi krav,0,10,0%,8.9
børne bmi,0,10,0%,21.7
kolla ditt bmi värde,0,10,0%,31.8
beräkna bmi midjemått,0,10,0%,47.5
bmi 18,0,10,0%,59.9
barnbmi,0,9,0%,12.11
räkna bmi formel,0,9,0%,73.67
vilket bmi för ozempic,0,8,0%,10.12
bmi kvinna tabell,0,8,0%,25.88
bmi 25 kvinna,0,8,0%,41.88
iso bmi kalkylator,0,7,0%,9.57
iso bmi barn tabell,0,7,0%,12.43
viktuppgång graviditet tabell,0,7,0%,19.71
räkna ut bmi man,0,7,0%,36.71
idealvikt kvinna tabell,0,7,0%,38.71
kollas med bmi,0,7,0%,44.43
bmi kvinna räkna ut,0,7,0%,54
formel för bmi,0,7,0%,59.29
vid vilket bmi kan man få ozempic,0,6,0%,8
bmi normal kvinna,0,6,0%,29.17
bmi calculator kvinna,0,6,0%,36.83
undervikt barn bmi,0,6,0%,43.67
bmi-räknare kvinna ålder,0,6,0%,45
bmi 19 kvinna,0,6,0%,82.83
räkna kaloribehov,0,6,0%,94.83
bmi-räknare barn,0,5,0%,9.6
bmi barn undervikt,0,5,0%,20
ideal vikt,0,5,0%,26
isobmi,0,5,0%,27
idealvikt man,0,5,0%,33.8
gravid vikt,0,5,0%,42.4
räkna bmi man,0,5,0%,42.4
gravid bmi,0,5,0%,46.6
formel bmi,0,5,0%,61.8
räkna ut isobmi,0,4,0%,9.75
bmi räknare ungdom,0,4,0%,12.75
bmi för att få ozempic,0,4,0%,24.75
bmi-räknare 1177,0,4,0%,28.25
räkna ut bmi män,0,4,0%,36
midjemått kvinna tabell,0,4,0%,40.25
bmi beräknare,0,4,0%,72.75
bmi uträknare,0,4,0%,73.5
räkna ut bim,0,4,0%,74.75
bmi barn kalkulator,0,3,0%,9
bmi ozempic sverige,0,3,0%,9.67
bmi räknare tonåring,0,3,0%,9.67
vad är idealvikt,0,3,0%,12
vad är min idealvikt,0,3,0%,21.67
räkna bmi äldre,0,3,0%,24
gravid uträknare,0,3,0%,28.67
bmi räkna ut barn,0,3,0%,32.67
längd och vikt tabell,0,3,0%,32.67
bmi på barn,0,3,0%,34
bmi kalkylator kvinna,0,3,0%,38.33
bmi kalkylator män,0,3,0%,44.67
mät ditt bmi,0,3,0%,45
viktuppgång gravid,0,3,0%,46.67
räkna ut bmi värde,0,3,0%,48.67
barns bmi,0,3,0%,54
tdee calculator svenska,0,3,0%,58.67
bmi under 18,0,3,0%,60.33
normal viktuppgång graviditet,0,3,0%,60.67
vikt gravid,0,3,0%,62
bmi kvinna 70 år,0,3,0%,70
bmi kvinna 60 år,0,3,0%,80.33
bmi räkna,0,3,0%,80.33
bra bmi för äldre,0,3,0%,86.67
räkna ut ditt kaloribehov,0,3,0%,88.67
barn bmi kalkulator,0,2,0%,7.5
bmi barn kalkylator,0,2,0%,9
iso bmi tabell barn,0,2,0%,12
bmi ekvation,0,2,0%,22
bmi-räknare ålder,0,2,0%,26
tdee kalkylator,0,2,0%,27.5
bmi 27 8 frau,0,2,0%,30
gravid räknare,0,2,0%,38.5
bmi kvinna 66 år,0,2,0%,43.5
bmi kalkylator ålder,0,2,0%,45
gravid vecka 26 viktuppgång,0,2,0%,50
vikt graviditet,0,2,0%,56
räkna bmi kvinna,0,2,0%,58
bmi värde,0,2,0%,67
bmi ozempic,0,2,0%,69.5
bmi räkna ut kvinna,0,2,0%,69.5
räkna ut sitt bmi,0,2,0%,71.5
bmi raknare,0,2,0%,75.5
nya bmi skalan,0,2,0%,77.5
bmi räkna ut,0,2,0%,87.5
bmi man 60 år,0,2,0%,92
bmi test kvinna,0,2,0%,96
hur mycket ska en 15 åring väga kg,0,1,0%,1
bmi undervikt,0,1,0%,3
bmi krav wegovy,0,1,0%,5
bmi 14.6,0,1,0%,7
iso-bmi kalkylator,0,1,0%,7
bmi 16.1,0,1,0%,8
bmi gräns ozempic,0,1,0%,9
bmi mann,0,1,0%,11
bmi barn 12 år,0,1,0%,12
ideal vikt kvinna,0,1,0%,12
bmi 65+,0,1,0%,13
gravid vecka 27 viktuppgång,0,1,0%,13
bmi barn - 1177,0,1,0%,21
bmi direkt,0,1,0%,21
bmi tabell kvinnor,0,1,0%,22
beräkna bmi barn,0,1,0%,24
bmi räknare man ålder,0,1,0%,24
bmi tabell barn,0,1,0%,24
bmi kvinnor tabell,0,1,0%,27
bmi räknare med ålder,0,1,0%,30
normal bmi kvinna,0,1,0%,31
bmi för män,0,1,0%,33
kalorier kalkylator,0,1,0%,33
bra bmi man,0,1,0%,40
vad är normalt bmi för män,0,1,0%,41
när går man upp i vikt gravid,0,1,0%,44
fettprocent kvinna tabell,0,1,0%,45
gravid viktuppgång,0,1,0%,47
viktuppgång graviditet vecka för vecka,0,1,0%,47
viktkurva gravid,0,1,0%,49
bmi 14 år,0,1,0%,55
normalt bmi kvinna 60 är,0,1,0%,55
bmi vikt längd ålder,0,1,0%,56
graviditet bmi,0,1,0%,56
viktuppgång graviditet,0,1,0%,56
bmi 13 år,0,1,0%,57
bmi mätare,0,1,0%,59
bmi barn 5 år,0,1,0%,61
bmi kurva barn,0,1,0%,61
normalt bmi män,0,1,0%,61
bmi kalkylator,0,1,0%,65
bmi 16 år,0,1,0%,66
kolla ditt bmi,0,1,0%,67
att räkna ut bmi,0,1,0%,68
räkna.bmi,0,1,0%,69
bmi 15 år,0,1,0%,71
tdee svenska,0,1,0%,71
normal bmi kvinnor,0,1,0%,72
bmi 17 år,0,1,0%,73
räkna ut bmi,0,1,0%,76
dagsbehov av kalorier,0,1,0%,77
iso-bmi,0,1,0%,77
vikt längd tabell,0,1,0%,78
bmi kvinna 55 år,0,1,0%,79
beräkna bmi ålder,0,1,0%,80
fettprocent tabell,0,1,0%,83
bmi 12,0,1,0%,84
bmi uträkning,0,1,0%,84
bmi värde tabell,0,1,0%,85
kaloribehov räkna,0,1,0%,85
tdee räknare,0,1,0%,89
bmi test vuxen,0,1,0%,95
hur räknar man ut bmi själv,0,1,0%,95
bmi räknare man,0,1,0%,97
bmi-räknare man,0,1,0%,97